{
  "ident": "(d335be5d-9411-3fb6-a267-550adbfddac3|kekko)",
  "lastTeleportOrigin": {
    "dim": 0,
    "pitch": 28.350018,
    "yaw": -136.58025,
    "xd": -553.4589527548004,
    "yd": 72.0,
    "zd": 695.0470661322539
  },
  "lastDeathLocation": {
    "dim": 0,
    "pitch": 28.350018,
    "yaw": -136.58025,
    "xd": -553.4589527548004,
    "yd": 72.0,
    "zd": 695.0470661322539
  },
  "lastTeleportTime": 1530549220132,
  "selDim": 0,
  "inventoryGroups": {},
  "modInventoryGroups": {},
  "activeInventoryGroup": "default",
  "timePlayed": 165042298,
  "firstLogin": "Jun 16, 2018 11:03:38 PM",
  "lastLogin": "Jul 23, 2018 10:11:53 PM",
  "lastLogout": "Jul 23, 2018 10:11:48 PM",
  "namedTimeout": {}
}